{
  "data_path": "balanced_training_data.json",
  "model_path": "../checkpoints/tfidf_classifier.joblib",
  "trained_at": "2025-12-05T03:27:48.438523Z",
  "accuracy": 0.7641509433962265,
  "report": {
    "emotional_distress": {
      "precision": 0.5,
      "recall": 0.375,
      "f1-score": 0.42857142857142855,
      "support": 8.0
    },
    "negative": {
      "precision": 0.95,
      "recall": 0.95,
      "f1-score": 0.95,
      "support": 20.0
    },
    "neutral": {
      "precision": 0.5,
      "recall": 1.0,
      "f1-score": 0.6666666666666666,
      "support": 16.0
    },
    "positive": {
      "precision": 1.0,
      "recall": 0.75,
      "f1-score": 0.8571428571428571,
      "support": 20.0
    },
    "self_harm_high": {
      "precision": 0.75,
      "recall": 0.75,
      "f1-score": 0.75,
      "support": 4.0
    },
    "self_harm_low": {
      "precision": 1.0,
      "recall": 1.0,
      "f1-score": 1.0,
      "support": 4.0
    },
    "stress": {
      "precision": 0.8333333333333334,
      "recall": 0.4166666666666667,
      "f1-score": 0.5555555555555556,
      "support": 12.0
    },
    "unsafe_environment": {
      "precision": 0.8421052631578947,
      "recall": 0.7272727272727273,
      "f1-score": 0.7804878048780488,
      "support": 22.0
    },
    "accuracy": 0.7641509433962265,
    "macro avg": {
      "precision": 0.7969298245614036,
      "recall": 0.7461174242424242,
      "f1-score": 0.7485530391018196,
      "support": 106.0
    },
    "weighted avg": {
      "precision": 0.8162859980139027,
      "recall": 0.7641509433962265,
      "f1-score": 0.764863147283764,
      "support": 106.0
    }
  },
  "confusion_matrix": {
    "labels": [
      "emotional_distress",
      "negative",
      "neutral",
      "positive",
      "self_harm_high",
      "self_harm_low",
      "stress",
      "unsafe_environment"
    ],
    "matrix": [
      [
        3,
        1,
        1,
        0,
        0,
        0,
        1,
        2
      ],
      [
        0,
        19,
        1,
        0,
        0,
        0,
        0,
        0
      ],
      [
        0,
        0,
        16,
        0,
        0,
        0,
        0,
        0
      ],
      [
        0,
        0,
        5,
        15,
        0,
        0,
        0,
        0
      ],
      [
        0,
        0,
        0,
        0,
        3,
        0,
        0,
        1
      ],
      [
        0,
        0,
        0,
        0,
        0,
        4,
        0,
        0
      ],
      [
        2,
        0,
        5,
        0,
        0,
        0,
        5,
        0
      ],
      [
        1,
        0,
        4,
        0,
        1,
        0,
        0,
        16
      ]
    ]
  },
  "n_train": 420,
  "n_test": 106
}